id_transaccion;fecha;id_cuenta;tipo;monto
1;2022-10-20 17:45:59;142;Retiro;4097
2;2022-02-22 00:52:35;93;Retiro;1177
3;2022-06-15 00:26:00;108;Transferencia;1675
4;2022-02-26 01:35:42;167;Deposito;3709
5;2022-11-01 04:02:55;6;Retiro;208
6;2022-03-12 05:49:12;198;Deposito;472
7;2022-02-24 15:09:11;46;Deposito;275
8;2022-10-27 11:30:56;145;Deposito;4641
9;2022-08-20 21:03:52;226;Deposito;2251
10;2022-03-08 09:56:37;13;Transferencia;1579
11;2022-02-04 18:47:46;55;Transferencia;3920
12;2022-07-23 02:57:53;16;Transferencia;3891
13;2022-04-17 22:22:35;169;Transferencia;1764
14;2022-05-27 12:12:53;85;Retiro;127
15;2022-10-23 01:37:51;237;Retiro;2786
16;2022-05-20 01:26:34;222;Deposito;1874
17;2022-05-16 06:13:38;134;Deposito;1697
18;2022-02-26 20:55:32;238;Retiro;2576
19;2022-07-25 20:59:37;115;Retiro;992
20;2022-11-19 01:05:17;1;Transferencia;175
21;2022-04-21 13:16:23;187;Retiro;3205
22;2022-02-02 07:35:11;217;Transferencia;3386
23;2022-02-14 00:53:25;8;Retiro;381
24;2022-09-25 05:45:58;115;Transferencia;1997
25;2022-03-15 16:36:37;240;Deposito;1386
26;2022-01-31 14:52:16;147;Deposito;4200
27;2022-07-26 17:06:11;19;Transferencia;3727
28;2022-05-22 10:54:42;215;Deposito;1111
29;2022-10-04 00:32:15;246;Deposito;3142
30;2022-03-18 04:18:07;25;Transferencia;4228
31;2022-06-04 05:35:20;289;Retiro;4406
32;2022-04-27 17:12:54;6;Deposito;3024
33;2022-10-09 11:11:45;239;Transferencia;1496
34;2022-06-02 05:19:28;232;Deposito;4849
35;2022-09-19 19:13:21;34;Deposito;774
36;2022-05-12 01:26:37;110;Deposito;3809
37;2022-04-27 17:24:11;96;Retiro;1197
38;2022-02-06 04:04:20;200;Transferencia;3933
39;2022-05-13 23:10:01;1;Transferencia;4201
40;2022-04-30 20:15:05;180;Transferencia;4779
41;2022-04-07 02:41:49;245;Retiro;3389
42;2022-10-17 06:45:47;71;Transferencia;3541
43;2022-08-29 00:00:03;257;Deposito;3747
44;2022-10-23 19:37:18;124;Deposito;3631
45;2022-04-01 08:59:31;117;Transferencia;3732
46;2022-10-11 08:20:27;32;Retiro;403
47;2022-01-20 08:58:02;166;Deposito;1692
48;2022-10-15 21:35:05;226;Transferencia;4865
49;2022-07-04 02:03:34;109;Deposito;1325
50;2022-09-03 14:35:10;190;Transferencia;3252
51;2022-11-09 09:50:11;180;Retiro;306
52;2022-06-29 21:06:56;63;Transferencia;3108
53;2022-05-19 05:52:40;180;Retiro;1334
54;2022-06-07 22:50:53;15;Deposito;1854
55;2022-08-25 06:00:48;34;Deposito;1227
56;2022-12-16 23:37:34;66;Transferencia;3480
57;2022-06-22 04:59:59;40;Transferencia;4891
58;2022-06-01 19:39:38;86;Transferencia;2712
59;2022-08-05 07:00:53;151;Deposito;1346
60;2022-07-28 06:06:25;196;Retiro;4376
61;2022-08-02 16:42:49;7;Transferencia;1990
62;2022-03-22 12:21:40;281;Retiro;4607
63;2022-01-16 04:01:08;270;Deposito;1642
64;2022-12-15 15:02:14;31;Transferencia;1401
65;2022-11-01 22:23:20;69;Retiro;236
66;2022-12-22 20:12:38;287;Deposito;203
67;2022-11-26 06:01:20;167;Retiro;306
68;2022-09-09 20:08:41;102;Transferencia;3893
69;2022-07-24 20:22:40;115;Retiro;4226
70;2022-03-18 20:11:15;247;Deposito;2466
71;2022-05-12 04:54:22;122;Transferencia;2302
72;2022-07-03 14:56:02;32;Transferencia;1917
73;2022-12-28 21:04:35;30;Deposito;420
74;2022-04-21 00:06:45;205;Transferencia;3912
75;2022-07-24 09:05:57;220;Deposito;281
76;2022-09-21 18:51:33;54;Transferencia;13
77;2022-11-22 02:33:52;76;Retiro;786
78;2022-08-29 11:36:22;176;Retiro;1660
79;2022-06-06 05:28:15;86;Retiro;4259
80;2022-02-06 03:31:21;31;Retiro;748
81;2022-10-01 12:14:17;218;Transferencia;2277
82;2022-04-06 12:45:45;85;Deposito;1384
83;2022-04-09 05:58:19;128;Retiro;4954
84;2022-11-14 00:15:43;126;Deposito;4605
85;2022-03-12 07:55:15;174;Transferencia;3685
86;2022-08-15 12:25:11;291;Transferencia;3110
87;2022-10-08 12:26:49;137;Transferencia;3904
88;2022-12-07 01:44:36;53;Deposito;3157
89;2022-02-11 20:25:55;172;Deposito;1586
90;2022-03-30 18:33:03;183;Deposito;1639
91;2022-07-14 00:35:28;67;Deposito;247
92;2022-11-23 16:37:14;292;Transferencia;4862
93;2022-01-22 07:03:11;142;Transferencia;2924
94;2022-10-08 12:54:27;97;Transferencia;4896
95;2022-09-19 15:48:19;39;Deposito;348
96;2022-02-23 01:49:03;253;Transferencia;3127
97;2022-07-26 00:35:10;144;Retiro;3055
98;2022-09-13 22:26:41;229;Deposito;1287
99;2022-03-21 22:07:13;125;Retiro;4501
100;2022-07-13 17:35:51;119;Deposito;3099
101;2022-04-16 09:47:07;195;Transferencia;2113
102;2022-11-05 02:57:45;257;Transferencia;1740
103;2022-11-11 20:29:26;174;Transferencia;1340
104;2022-05-31 08:16:19;137;Deposito;90
105;2022-11-01 08:45:35;119;Transferencia;1030
106;2022-02-01 21:47:10;112;Retiro;1181
107;2022-06-07 19:49:49;67;Retiro;3295
108;2022-12-29 17:47:18;32;Deposito;178
109;2022-03-16 00:32:56;14;Deposito;2213
110;2022-02-01 11:48:32;73;Deposito;4872
111;2022-10-24 23:22:34;248;Retiro;3676
112;2022-09-06 16:01:00;267;Retiro;1166
113;2022-12-17 14:18:22;194;Transferencia;1604
114;2022-05-05 18:52:01;148;Retiro;3112
115;2022-04-01 18:44:15;232;Retiro;4165
116;2022-11-15 01:33:05;172;Transferencia;4253
117;2022-03-08 10:28:06;21;Transferencia;2345
118;2022-05-10 08:31:48;224;Transferencia;3245
119;2022-01-03 13:28:22;78;Transferencia;1325
120;2022-04-15 09:28:07;91;Transferencia;2132
121;2022-12-23 14:07:23;290;Deposito;84
122;2022-07-14 06:49:55;136;Deposito;1328
123;2022-09-17 09:57:14;291;Deposito;3873
124;2022-09-05 19:48:02;136;Deposito;4355
125;2022-03-03 22:18:57;21;Retiro;293
126;2022-12-29 06:10:24;17;Deposito;1534
127;2022-07-29 00:48:37;87;Transferencia;113
128;2022-06-24 16:04:27;204;Transferencia;2282
129;2022-03-10 18:03:20;27;Deposito;39
130;2022-11-11 14:20:47;64;Deposito;1553
131;2022-04-29 13:41:18;108;Retiro;4948
132;2022-06-17 16:16:36;188;Retiro;4763
133;2022-03-27 10:45:18;25;Retiro;1904
134;2022-06-22 11:19:09;103;Deposito;2938
135;2022-02-19 04:05:23;271;Deposito;2997
136;2022-10-14 20:31:26;222;Retiro;4090
137;2022-10-03 14:05:59;8;Deposito;4929
138;2022-02-21 15:32:42;82;Deposito;1111
139;2022-02-06 22:34:20;258;Deposito;3091
140;2022-04-28 04:02:44;30;Retiro;2567
141;2022-07-15 13:38:31;59;Transferencia;524
142;2022-12-04 05:27:57;67;Deposito;2075
143;2022-05-09 23:45:28;184;Transferencia;1058
144;2022-08-21 23:06:48;6;Deposito;1458
145;2022-10-26 16:53:34;40;Retiro;4262
146;2022-02-15 13:44:50;140;Transferencia;1180
147;2022-07-04 07:18:03;92;Transferencia;1750
148;2022-08-26 14:56:29;234;Deposito;630
149;2022-09-16 03:41:17;152;Retiro;1074
150;2022-11-17 13:05:14;209;Transferencia;4986
151;2022-11-21 11:48:32;219;Transferencia;1877
152;2022-11-20 19:00:39;269;Retiro;612
153;2022-10-15 18:38:52;49;Deposito;4876
154;2022-07-17 18:12:45;100;Transferencia;1924
155;2022-12-11 05:42:20;120;Deposito;3987
156;2022-11-02 06:21:01;4;Transferencia;640
157;2022-01-07 17:50:12;101;Deposito;2225
158;2022-12-23 03:51:23;181;Deposito;1153
159;2022-05-17 17:59:46;244;Retiro;4349
160;2022-11-18 11:46:25;236;Deposito;1436
161;2022-07-04 08:42:51;140;Deposito;2214
162;2022-02-22 06:25:11;269;Retiro;3122
163;2022-11-22 02:57:32;135;Deposito;2507
164;2022-11-27 16:46:28;118;Transferencia;3364
165;2022-03-25 07:21:33;97;Transferencia;1499
166;2022-01-01 21:50:32;235;Retiro;1319
167;2022-02-27 18:23:40;255;Transferencia;4429
168;2022-09-09 12:37:59;80;Transferencia;976
169;2022-05-05 20:05:24;250;Transferencia;4438
170;2022-12-17 21:03:14;226;Retiro;4284
171;2022-11-17 07:55:59;297;Deposito;3878
172;2022-02-23 03:37:55;65;Transferencia;3347
173;2022-11-23 13:49:30;70;Deposito;1544
174;2022-03-08 18:13:11;47;Retiro;4621
175;2022-05-16 02:00:30;116;Retiro;4116
176;2022-09-02 15:54:16;283;Transferencia;2344
177;2022-09-06 14:43:28;153;Retiro;3619
178;2022-04-11 20:05:45;164;Deposito;2097
179;2022-08-17 08:59:58;270;Deposito;122
180;2022-07-26 08:42:30;171;Deposito;1325
181;2022-03-20 13:01:23;26;Transferencia;1544
182;2022-05-07 00:22:01;206;Retiro;1329
183;2022-07-06 15:15:07;167;Transferencia;2847
184;2022-04-19 21:35:25;106;Transferencia;2676
185;2022-04-19 00:08:33;247;Retiro;4425
186;2022-08-15 00:42:24;249;Retiro;4042
187;2022-05-21 07:36:25;169;Deposito;2319
188;2022-06-25 16:11:03;164;Retiro;4766
189;2022-07-22 15:10:15;198;Deposito;2718
190;2022-10-01 23:40:54;114;Deposito;2955
191;2022-05-08 17:49:02;64;Transferencia;4267
192;2022-03-01 12:33:50;156;Retiro;4971
193;2022-07-03 22:55:10;246;Retiro;2458
194;2022-10-21 00:09:35;46;Transferencia;2849
195;2022-04-02 17:49:07;175;Transferencia;2636
196;2022-03-23 22:16:59;209;Retiro;63
197;2022-09-20 02:28:35;113;Deposito;1293
198;2022-01-10 20:08:33;77;Deposito;3665
199;2022-09-14 12:46:34;60;Deposito;3693
200;2022-06-05 18:38:42;22;Transferencia;4034
201;2022-07-13 12:37:01;203;Retiro;4767
202;2022-03-23 19:54:56;33;Transferencia;1063
203;2022-04-30 03:46:35;53;Deposito;3369
204;2022-03-07 16:36:45;78;Transferencia;623
205;2022-09-08 07:41:27;1;Retiro;3674
206;2022-04-21 18:16:49;153;Transferencia;3735
207;2022-02-12 10:58:45;248;Retiro;2450
208;2022-07-29 23:32:56;288;Retiro;3403
209;2022-04-16 00:42:28;265;Retiro;2420
210;2022-10-19 03:46:40;21;Deposito;4859
211;2022-07-12 02:45:55;11;Retiro;3640
212;2022-06-22 11:22:17;210;Deposito;964
213;2022-01-16 00:23:23;135;Deposito;594
214;2022-10-15 22:14:32;215;Transferencia;351
215;2022-06-27 07:13:54;153;Transferencia;331
216;2022-09-25 22:29:19;139;Retiro;2434
217;2022-04-30 00:00:53;206;Retiro;611
218;2022-11-24 00:26:08;41;Deposito;844
219;2022-05-22 22:01:38;118;Deposito;1430
220;2022-04-18 06:53:15;105;Deposito;3865
221;2022-12-23 22:30:16;132;Transferencia;1662
222;2022-11-06 01:22:01;56;Retiro;2276
223;2022-08-27 08:40:08;148;Transferencia;1858
224;2022-06-17 16:46:13;288;Retiro;1120
225;2022-06-15 22:38:00;173;Retiro;4952
226;2022-03-16 21:38:29;53;Retiro;4931
227;2022-01-01 18:12:37;164;Retiro;4459
228;2022-05-23 07:01:00;163;Retiro;951
229;2022-10-11 14:44:49;295;Deposito;3992
230;2022-09-05 16:41:11;88;Transferencia;3895
231;2022-04-07 14:42:07;184;Transferencia;4253
232;2022-11-07 06:43:19;20;Retiro;3160
233;2022-07-08 08:26:22;67;Retiro;3030
234;2022-12-28 18:09:40;47;Deposito;3711
235;2022-02-01 07:53:03;42;Retiro;3307
236;2022-08-17 03:00:04;249;Deposito;4494
237;2022-11-23 17:37:04;156;Transferencia;4831
238;2022-05-09 02:48:47;25;Retiro;1994
239;2022-01-19 23:54:49;2;Retiro;3974
240;2022-07-12 08:51:55;287;Retiro;1797
241;2022-05-04 06:55:41;151;Deposito;4739
242;2022-09-20 22:52:19;14;Deposito;4522
243;2022-09-09 11:30:54;198;Transferencia;3220
244;2022-12-12 03:30:51;229;Retiro;4720
245;2022-04-26 09:41:57;46;Transferencia;1323
246;2022-02-03 09:13:38;68;Transferencia;1421
247;2022-11-30 08:50:45;267;Transferencia;50
248;2022-04-28 07:49:19;159;Transferencia;3416
249;2022-09-21 15:59:23;284;Retiro;797
250;2022-05-28 23:48:47;209;Retiro;3783
251;2022-09-04 07:06:26;187;Retiro;4402
252;2022-04-04 02:02:51;47;Transferencia;4022
253;2022-01-17 07:26:34;196;Deposito;2079
254;2022-08-11 07:44:03;298;Transferencia;3755
255;2022-05-02 17:26:18;58;Retiro;4525
256;2022-12-07 23:16:08;198;Retiro;3894
257;2022-05-15 16:07:09;277;Deposito;3995
258;2022-04-16 09:57:54;163;Transferencia;4159
259;2022-06-17 13:20:45;7;Deposito;2353
260;2022-10-21 18:59:22;4;Retiro;3528
261;2022-11-01 04:50:19;243;Transferencia;4302
262;2022-09-21 02:19:21;23;Deposito;4049
263;2022-01-11 19:52:45;234;Deposito;2532
264;2022-10-30 14:11:01;108;Deposito;3558
265;2022-12-16 22:45:05;46;Transferencia;1853
266;2022-09-16 03:04:26;261;Retiro;1066
267;2022-03-29 16:19:47;240;Deposito;3657
268;2022-09-16 06:21:22;149;Deposito;1896
269;2022-02-01 10:06:56;77;Transferencia;3305
270;2022-09-19 07:03:29;276;Retiro;135
271;2022-10-03 03:14:13;298;Transferencia;3558
272;2022-12-19 01:56:41;66;Transferencia;2109
273;2022-09-23 18:07:35;241;Retiro;3562
274;2022-08-21 01:28:56;81;Transferencia;3764
275;2022-07-19 21:54:11;252;Transferencia;3805
276;2022-12-05 00:37:17;23;Retiro;4805
277;2022-05-09 03:24:00;169;Transferencia;4564
278;2022-06-05 21:48:15;145;Transferencia;3833
279;2022-11-22 20:27:04;62;Retiro;701
280;2022-01-27 08:53:19;263;Retiro;3300
281;2022-11-29 16:43:36;156;Transferencia;3168
282;2022-12-01 02:43:03;211;Transferencia;3497
283;2022-08-09 13:54:46;19;Transferencia;3672
284;2022-08-24 17:52:49;262;Retiro;1884
285;2022-03-29 16:38:36;242;Transferencia;1647
286;2022-08-11 21:32:29;79;Retiro;3564
287;2022-08-16 07:45:18;164;Deposito;1625
288;2022-11-02 12:09:23;2;Transferencia;2417
289;2022-03-03 09:29:05;57;Transferencia;486
290;2022-03-20 17:28:25;256;Transferencia;2300
291;2022-03-15 23:28:13;147;Transferencia;383
292;2022-03-24 09:17:36;293;Retiro;430
293;2022-01-23 17:02:05;208;Retiro;1565
294;2022-12-29 11:55:14;57;Deposito;298
295;2022-10-11 16:22:36;186;Deposito;1251
296;2022-05-12 10:27:52;100;Deposito;1629
297;2022-07-05 17:49:20;218;Retiro;3749
298;2022-07-17 02:42:31;33;Deposito;1242
299;2022-11-25 19:48:05;197;Deposito;1377
300;2022-01-24 14:56:29;234;Transferencia;1830
301;2022-03-17 06:44:12;231;Transferencia;2495
302;2022-10-13 00:15:56;100;Retiro;3526
303;2022-03-16 17:03:15;15;Deposito;2909
304;2022-07-20 05:35:13;116;Retiro;3767
305;2022-08-23 03:36:20;49;Retiro;3283
306;2022-09-08 23:35:17;295;Transferencia;2129
307;2022-10-20 06:34:06;30;Deposito;1866
308;2022-02-10 11:01:00;186;Transferencia;70
309;2022-01-30 12:46:21;249;Transferencia;3740
310;2022-12-25 09:59:51;234;Transferencia;1270
311;2022-01-30 16:14:11;49;Transferencia;4969
312;2022-06-25 11:55:55;125;Transferencia;4464
313;2022-02-19 04:54:06;5;Deposito;3743
314;2022-06-29 07:40:36;77;Deposito;48
315;2022-02-03 03:37:55;157;Retiro;2296
316;2022-07-30 04:17:06;35;Transferencia;1179
317;2022-04-11 22:40:19;298;Retiro;2909
318;2022-01-10 04:48:53;183;Transferencia;4622
319;2022-10-19 00:03:32;95;Retiro;4403
320;2022-12-28 13:08:57;255;Retiro;1120
321;2022-05-22 20:39:28;164;Transferencia;4921
322;2022-10-18 17:44:46;197;Retiro;1010
323;2022-11-11 12:17:38;228;Deposito;1731
324;2022-02-05 10:45:41;110;Retiro;2437
325;2022-01-10 20:39:32;260;Retiro;799
326;2022-08-06 11:41:38;241;Transferencia;1736
327;2022-03-24 04:38:08;119;Retiro;562
328;2022-02-22 10:44:55;91;Deposito;4521
329;2022-01-23 15:01:01;11;Deposito;4178
330;2022-02-21 08:34:14;89;Transferencia;2748
331;2022-08-31 11:32:04;98;Deposito;1212
332;2022-02-18 23:49:26;70;Transferencia;443
333;2022-10-19 08:21:21;163;Deposito;3804
334;2022-07-25 22:26:23;246;Deposito;4095
335;2022-07-15 19:54:17;142;Deposito;3453
336;2022-11-24 21:31:03;25;Retiro;1707
337;2022-05-20 00:04:02;145;Transferencia;2422
338;2022-06-27 23:27:32;28;Retiro;1409
339;2022-12-19 12:05:34;86;Transferencia;326
340;2022-04-01 18:58:32;265;Retiro;1579
341;2022-07-01 02:08:22;267;Retiro;2793
342;2022-08-22 04:47:57;47;Deposito;3354
343;2022-12-22 06:22:43;237;Transferencia;3777
344;2022-09-14 22:45:52;158;Deposito;1558
345;2022-04-27 19:29:33;286;Deposito;4790
346;2022-08-23 04:31:47;68;Transferencia;4128
347;2022-09-20 03:43:00;228;Deposito;2050
348;2022-11-04 03:24:46;281;Retiro;460
349;2022-10-11 00:10:04;50;Deposito;1028
350;2022-08-16 02:46:46;230;Deposito;898
351;2022-02-26 17:48:27;236;Transferencia;795
352;2022-01-24 23:55:40;83;Deposito;184
353;2022-12-30 16:59:46;281;Deposito;743
354;2022-04-26 10:39:19;224;Retiro;1810
355;2022-06-30 20:52:59;253;Deposito;1584
356;2022-11-30 13:47:14;6;Deposito;4110
357;2022-12-28 09:12:24;32;Transferencia;83
358;2022-12-23 16:18:36;122;Transferencia;2386
359;2022-07-21 08:19:52;240;Transferencia;1005
360;2022-06-20 18:15:58;93;Retiro;1626
361;2022-04-02 16:18:06;20;Transferencia;591
362;2022-07-23 22:59:40;190;Transferencia;353
363;2022-05-24 02:59:18;292;Transferencia;4224
364;2022-06-21 03:18:12;191;Deposito;2689
365;2022-01-25 07:28:53;196;Transferencia;4789
366;2022-01-20 10:41:07;49;Deposito;1045
367;2022-07-17 21:01:46;195;Deposito;4745
368;2022-09-08 02:56:41;219;Retiro;4218
369;2022-04-26 00:38:14;23;Deposito;912
370;2022-12-01 03:30:58;124;Retiro;2092
371;2022-09-20 04:02:05;177;Deposito;3472
372;2022-01-07 14:08:27;86;Retiro;4399
373;2022-06-30 09:00:54;257;Transferencia;661
374;2022-02-03 16:50:56;284;Retiro;1669
375;2022-03-16 18:53:20;253;Deposito;868
376;2022-12-18 08:43:53;165;Deposito;1987
377;2022-01-15 03:47:29;273;Deposito;2503
378;2022-09-08 10:27:11;34;Retiro;1885
379;2022-07-11 03:48:14;16;Deposito;1743
380;2022-10-03 00:35:34;260;Retiro;4651
381;2022-12-21 18:07:58;59;Deposito;537
382;2022-08-13 17:47:29;159;Transferencia;4448
383;2022-05-09 15:50:48;147;Deposito;633
384;2022-11-08 13:35:04;69;Transferencia;2802
385;2022-09-04 17:13:44;142;Retiro;3915
386;2022-03-09 13:51:36;247;Deposito;4311
387;2022-06-15 00:55:21;250;Retiro;1006
388;2022-05-12 16:29:31;112;Transferencia;4757
389;2022-12-01 00:39:26;181;Transferencia;2459
390;2022-12-11 01:54:19;188;Retiro;3409
391;2022-11-24 21:17:51;2;Retiro;1568
392;2022-04-26 04:52:48;57;Transferencia;4245
393;2022-09-23 16:04:20;120;Transferencia;1687
394;2022-08-15 15:41:33;158;Deposito;1485
395;2022-01-18 12:11:07;294;Transferencia;4938
396;2022-08-26 08:30:19;163;Transferencia;2541
397;2022-10-22 03:26:39;215;Deposito;2700
398;2022-08-13 13:10:13;59;Retiro;1530
399;2022-06-16 23:06:03;226;Retiro;284
400;2022-07-05 03:48:43;123;Transferencia;2992
401;2022-03-30 19:48:43;108;Transferencia;2184
402;2022-01-13 18:03:36;135;Deposito;1567
403;2022-04-27 06:15:53;261;Deposito;3755
404;2022-02-20 08:00:43;186;Deposito;100
405;2022-04-21 21:39:27;57;Deposito;1984
406;2022-09-12 12:01:13;265;Transferencia;4940
407;2022-11-24 11:57:49;22;Retiro;151
408;2022-03-01 12:33:46;161;Retiro;1692
409;2022-02-09 06:22:57;116;Transferencia;2628
410;2022-08-31 16:43:53;75;Deposito;987
411;2022-11-25 15:45:42;176;Transferencia;4666
412;2022-01-28 21:08:23;274;Transferencia;2177
413;2022-03-08 01:54:00;95;Deposito;2732
414;2022-07-18 05:03:46;113;Deposito;4626
415;2022-03-07 09:45:34;214;Transferencia;2378
416;2022-07-01 17:44:32;67;Deposito;325
417;2022-09-20 07:18:43;237;Deposito;2858
418;2022-12-01 13:48:54;250;Deposito;4913
419;2022-01-03 19:26:15;300;Retiro;4258
420;2022-03-19 12:42:45;247;Deposito;2261
421;2022-01-22 00:55:33;76;Retiro;2617
422;2022-03-29 05:34:16;17;Retiro;1551
423;2022-10-10 06:26:58;200;Deposito;2996
424;2022-02-05 07:53:06;155;Deposito;2497
425;2022-04-08 00:54:22;231;Retiro;4425
426;2022-11-15 19:27:54;297;Retiro;861
427;2022-03-12 12:34:45;236;Deposito;3686
428;2022-06-16 06:15:39;235;Retiro;3004
429;2022-08-26 20:36:11;159;Transferencia;741
430;2022-03-08 08:43:32;298;Deposito;4115
431;2022-08-23 01:51:33;189;Retiro;2863
432;2022-12-29 14:53:15;153;Transferencia;347
433;2022-09-01 09:13:43;166;Deposito;3752
434;2022-08-13 14:04:13;212;Deposito;2838
435;2022-02-24 02:16:32;67;Retiro;827
436;2022-02-16 15:36:43;178;Transferencia;695
437;2022-07-02 22:11:47;41;Deposito;2652
438;2022-07-09 22:50:30;130;Deposito;1368
439;2022-07-11 03:05:24;19;Deposito;1262
440;2022-10-24 01:33:52;72;Deposito;2931
441;2022-09-18 16:18:15;4;Retiro;1018
442;2022-07-25 18:10:38;90;Deposito;3856
443;2022-02-20 05:58:35;60;Transferencia;1915
444;2022-04-10 02:00:46;204;Transferencia;1220
445;2022-11-09 15:55:52;220;Transferencia;3852
446;2022-05-28 22:43:46;34;Deposito;2713
447;2022-02-01 07:03:36;29;Transferencia;3769
448;2022-05-12 15:55:26;88;Deposito;1609
449;2022-05-18 06:46:48;191;Deposito;3309
450;2022-02-25 08:55:36;204;Transferencia;3454
451;2022-08-10 02:30:49;27;Transferencia;2641
452;2022-06-20 20:19:11;90;Retiro;4630
453;2022-10-20 09:46:44;65;Retiro;2537
454;2022-05-14 21:35:30;52;Transferencia;1754
455;2022-02-27 11:55:58;246;Transferencia;1954
456;2022-02-19 03:12:48;12;Transferencia;3739
457;2022-08-11 08:07:53;91;Retiro;4630
458;2022-04-16 11:49:46;89;Transferencia;1815
459;2022-01-03 14:15:35;205;Deposito;479
460;2022-05-28 23:41:26;148;Deposito;2836
461;2022-11-22 15:22:01;7;Transferencia;4528
462;2022-03-08 12:06:02;140;Deposito;2202
463;2022-12-28 23:53:32;137;Transferencia;4028
464;2022-05-24 11:51:26;116;Transferencia;684
465;2022-01-29 10:54:59;105;Transferencia;3103
466;2022-01-09 08:21:42;223;Transferencia;2954
467;2022-08-24 08:38:46;250;Retiro;2507
468;2022-08-05 10:12:50;106;Deposito;3869
469;2022-02-28 02:27:15;275;Deposito;2444
470;2022-08-17 15:19:24;15;Transferencia;176
471;2022-07-07 08:35:23;198;Transferencia;3692
472;2022-05-02 23:25:36;241;Transferencia;4797
473;2022-07-11 11:44:54;124;Deposito;3352
474;2022-03-27 22:09:11;172;Transferencia;453
475;2022-02-23 18:09:43;145;Transferencia;2730
476;2022-10-26 12:03:59;37;Transferencia;3387
477;2022-03-27 01:32:48;120;Deposito;339
478;2022-09-20 12:21:25;125;Transferencia;4328
479;2022-05-22 12:01:27;21;Transferencia;944
480;2022-10-20 13:18:17;275;Deposito;4305
481;2022-04-19 22:54:06;248;Deposito;3166
482;2022-03-24 00:03:22;68;Deposito;599
483;2022-02-11 22:51:30;44;Transferencia;4587
484;2022-07-11 04:16:28;223;Transferencia;3591
485;2022-03-31 19:55:09;282;Transferencia;12
486;2022-02-01 17:50:48;126;Deposito;4200
487;2022-09-22 13:35:46;129;Deposito;4106
488;2022-04-30 14:38:20;39;Transferencia;4626
489;2022-07-15 13:06:19;208;Deposito;2603
490;2022-07-04 05:59:58;83;Retiro;991
491;2022-09-18 19:34:15;56;Retiro;2613
492;2022-04-20 10:32:38;57;Transferencia;1476
493;2022-10-06 23:55:46;242;Transferencia;3490
494;2022-01-04 01:33:24;35;Transferencia;1078
495;2022-08-11 02:27:19;112;Deposito;1417
496;2022-06-24 21:39:27;112;Transferencia;3400
497;2022-10-14 16:27:51;34;Deposito;2573
498;2022-03-27 22:07:05;216;Retiro;19
499;2022-01-01 20:40:24;105;Retiro;4995
500;2022-08-21 19:30:41;251;Retiro;1178
501;2022-01-17 23:22:28;12;Deposito;921
502;2022-08-15 02:39:28;135;Deposito;1285
503;2022-02-13 09:04:55;241;Deposito;3286
504;2022-12-02 21:21:23;294;Transferencia;2382
505;2022-02-17 15:38:12;210;Retiro;1617
506;2022-11-19 01:45:13;108;Retiro;967
507;2022-03-12 11:17:33;188;Deposito;3846
508;2022-08-30 07:09:13;99;Deposito;3224
509;2022-10-05 08:54:09;241;Retiro;3578
510;2022-12-17 18:38:12;88;Transferencia;1389
511;2022-06-25 08:31:52;45;Transferencia;1349
512;2022-10-06 19:29:11;6;Retiro;3369
513;2022-09-01 12:05:35;181;Transferencia;2241
514;2022-12-15 14:33:45;32;Deposito;2173
515;2022-05-10 10:10:42;282;Deposito;1491
516;2022-01-29 18:48:33;191;Retiro;712
517;2022-05-30 15:17:35;84;Deposito;2853
518;2022-02-20 22:44:20;121;Retiro;3493
519;2022-02-03 12:46:32;75;Retiro;4996
520;2022-07-01 15:33:33;2;Transferencia;2077
521;2022-11-09 17:02:31;102;Retiro;2862
522;2022-12-25 08:16:29;267;Deposito;1235
523;2022-10-11 20:41:47;214;Retiro;915
524;2022-04-11 04:39:35;47;Retiro;3706
525;2022-08-02 17:37:08;163;Deposito;1203
526;2022-04-01 07:37:55;66;Deposito;2245
527;2022-07-18 18:47:28;109;Deposito;4979
528;2022-03-25 22:45:09;127;Deposito;2642
529;2022-03-05 22:10:10;146;Transferencia;2888
530;2022-08-23 11:43:28;231;Transferencia;469
531;2022-05-15 17:03:44;224;Transferencia;1760
532;2022-01-09 00:44:42;235;Deposito;3371
533;2022-06-01 08:09:44;221;Transferencia;3751
534;2022-06-03 18:25:28;232;Deposito;2317
535;2022-11-06 21:56:48;92;Retiro;3380
536;2022-10-19 18:32:04;2;Retiro;105
537;2022-10-07 12:07:47;9;Transferencia;1136
538;2022-10-29 14:15:55;213;Deposito;3861
539;2022-09-30 22:07:02;121;Transferencia;4628
540;2022-02-14 16:36:17;52;Transferencia;4570
541;2022-04-30 08:08:20;39;Deposito;3415
542;2022-10-21 06:17:14;215;Retiro;843
543;2022-03-17 05:52:55;196;Retiro;1867
544;2022-09-13 04:09:42;189;Transferencia;2341
545;2022-08-15 21:06:17;179;Deposito;3338
546;2022-09-03 11:56:05;64;Retiro;1317
547;2022-09-15 21:55:18;259;Deposito;529
548;2022-07-27 18:05:08;268;Transferencia;3027
549;2022-06-23 14:33:40;228;Deposito;4840
550;2022-01-14 03:36:03;62;Retiro;3407
551;2022-12-16 16:52:30;25;Transferencia;3456
552;2022-09-08 07:07:23;12;Retiro;2958
553;2022-10-02 04:54:14;253;Retiro;5000
554;2022-03-27 13:45:11;70;Deposito;94
555;2022-12-28 12:59:17;292;Transferencia;2516
556;2022-10-09 20:35:25;228;Transferencia;686
557;2022-04-11 04:12:54;125;Retiro;184
558;2022-06-11 02:56:50;253;Retiro;2137
559;2022-07-12 09:23:52;219;Retiro;4663
560;2022-10-22 13:15:13;214;Retiro;1812
561;2022-06-04 13:48:45;224;Retiro;4638
562;2022-03-08 21:17:25;278;Transferencia;642
563;2022-02-13 03:35:46;195;Transferencia;592
564;2022-11-01 01:46:40;285;Transferencia;1638
565;2022-02-09 01:38:00;73;Deposito;2072
566;2022-05-01 08:18:56;145;Deposito;2208
567;2022-08-05 16:10:05;237;Deposito;3050
568;2022-03-15 07:53:00;106;Deposito;4377
569;2022-11-02 23:15:50;194;Transferencia;3983
570;2022-03-03 22:38:47;132;Transferencia;4522
571;2022-10-24 02:38:06;177;Transferencia;69
572;2022-12-08 03:32:18;266;Transferencia;3090
573;2022-10-17 13:52:22;128;Retiro;1495
574;2022-01-02 05:50:45;133;Deposito;1053
575;2022-07-17 18:03:42;78;Transferencia;4675
576;2022-05-30 12:21:39;148;Deposito;82
577;2022-12-07 08:07:44;132;Retiro;770
578;2022-08-23 00:25:14;146;Retiro;1178
579;2022-02-05 09:33:07;112;Retiro;530
580;2022-01-16 12:11:51;281;Deposito;2501
581;2022-09-24 01:36:03;168;Retiro;77
582;2022-04-21 08:26:00;186;Retiro;4204
583;2022-10-10 20:01:48;276;Deposito;2834
584;2022-09-14 17:24:31;75;Retiro;1790
585;2022-11-23 22:12:54;31;Transferencia;3695
586;2022-05-25 17:56:07;188;Transferencia;1774
587;2022-01-19 02:24:23;270;Retiro;303
588;2022-09-04 07:36:00;189;Retiro;2660
589;2022-06-11 00:30:47;151;Transferencia;2754
590;2022-08-07 09:04:03;122;Retiro;1359
591;2022-03-05 08:33:41;53;Retiro;4101
592;2022-11-15 03:24:59;180;Deposito;968
593;2022-01-24 16:09:43;39;Deposito;2684
594;2022-06-21 16:23:26;183;Transferencia;4538
595;2022-04-21 21:44:10;6;Transferencia;1423
596;2022-08-06 09:23:50;181;Retiro;2632
597;2022-08-21 10:36:53;200;Transferencia;4117
598;2022-04-17 16:59:08;84;Deposito;613
599;2022-11-11 04:34:08;181;Deposito;4618
600;2022-01-17 01:03:33;90;Transferencia;1295
601;2022-12-11 01:07:26;96;Transferencia;2096
602;2022-02-28 16:26:40;20;Deposito;1330
603;2022-02-10 10:33:13;279;Retiro;210
604;2022-05-28 12:48:22;106;Retiro;3161
605;2022-08-11 07:29:02;118;Retiro;49
606;2022-04-29 01:17:15;49;Deposito;236
607;2022-12-11 22:50:47;253;Transferencia;4909
608;2022-05-12 14:00:06;30;Retiro;3601
609;2022-09-14 06:21:53;248;Retiro;3808
610;2022-01-13 13:53:16;26;Deposito;2900
611;2022-05-19 14:39:19;69;Retiro;505
612;2022-10-26 21:44:42;39;Retiro;454
613;2022-07-24 02:48:55;38;Retiro;3241
614;2022-08-22 23:12:42;246;Deposito;3935
615;2022-03-15 22:07:38;73;Retiro;4710
616;2022-09-08 01:31:15;21;Transferencia;1439
617;2022-09-02 16:25:46;294;Retiro;3753
618;2022-05-07 08:32:16;88;Retiro;483
619;2022-03-31 05:30:21;168;Deposito;892
620;2022-11-11 10:17:30;91;Deposito;3471
621;2022-05-25 01:35:34;43;Deposito;2347
622;2022-06-15 01:56:09;281;Retiro;383
623;2022-06-08 05:15:57;288;Retiro;1015
624;2022-12-27 18:51:44;170;Transferencia;3998
625;2022-03-29 12:45:01;255;Deposito;4546
626;2022-08-29 11:04:51;216;Deposito;4641
627;2022-02-09 09:46:10;175;Deposito;2745
628;2022-05-31 06:21:54;213;Transferencia;2065
629;2022-10-20 01:59:30;206;Deposito;3098
630;2022-11-09 23:53:56;262;Deposito;682
631;2022-07-25 11:48:25;207;Transferencia;715
632;2022-04-08 19:41:12;99;Retiro;985
633;2022-04-24 21:40:56;23;Transferencia;4261
634;2022-10-23 07:28:36;190;Deposito;3269
635;2022-04-02 11:43:37;183;Deposito;2786
636;2022-01-20 07:05:18;186;Retiro;3450
637;2022-02-27 06:00:07;148;Deposito;2724
638;2022-11-10 00:51:53;204;Transferencia;3616
639;2022-05-16 23:55:41;257;Transferencia;2829
640;2022-05-16 13:26:24;65;Transferencia;3036
641;2022-08-16 20:27:43;287;Transferencia;1331
642;2022-12-14 20:45:22;188;Deposito;3521
643;2022-09-12 05:14:15;91;Deposito;1230
644;2022-07-16 04:21:22;181;Retiro;1716
645;2022-02-02 05:18:59;173;Retiro;2557
646;2022-11-07 11:45:53;257;Transferencia;2401
647;2022-10-14 14:11:48;119;Retiro;1156
648;2022-10-12 19:31:39;117;Deposito;2149
649;2022-03-01 14:37:58;36;Deposito;3989
650;2022-02-02 11:46:59;131;Retiro;568
651;2022-03-20 21:50:26;176;Retiro;1686
652;2022-11-07 12:00:31;162;Transferencia;3446
653;2022-12-25 00:30:15;47;Retiro;1588
654;2022-10-11 18:43:28;27;Transferencia;3204
655;2022-06-17 14:28:04;262;Deposito;3973
656;2022-11-19 17:35:09;46;Transferencia;3942
657;2022-09-25 22:14:08;227;Deposito;1490
658;2022-02-18 05:19:09;206;Retiro;1419
659;2022-10-19 20:00:52;248;Retiro;1300
660;2022-07-03 10:41:24;175;Transferencia;3598
661;2022-09-08 00:07:46;187;Transferencia;1498
662;2022-05-25 16:53:37;230;Retiro;406
663;2022-02-18 23:58:58;105;Transferencia;4173
664;2022-09-12 00:25:02;267;Deposito;3833
665;2022-09-21 20:18:31;223;Retiro;4958
666;2022-05-23 08:14:50;144;Transferencia;3149
667;2022-06-30 04:44:04;275;Deposito;1854
668;2022-12-07 20:50:51;175;Transferencia;548
669;2022-04-07 20:25:04;47;Transferencia;3345
670;2022-10-07 07:05:21;245;Retiro;2689
671;2022-01-17 03:19:43;264;Transferencia;2516
672;2022-04-19 23:12:49;25;Retiro;937
673;2022-01-25 13:12:24;170;Transferencia;4160
674;2022-01-29 13:20:34;137;Deposito;123
675;2022-03-25 11:54:48;117;Deposito;4978
676;2022-02-11 16:50:34;39;Deposito;2952
677;2022-02-10 05:23:02;37;Retiro;1776
678;2022-07-30 15:11:45;278;Retiro;4054
679;2022-03-10 02:07:03;292;Retiro;1728
680;2022-09-11 19:19:21;76;Retiro;742
681;2022-06-16 19:57:58;20;Retiro;398
682;2022-03-06 08:37:04;34;Deposito;2865
683;2022-12-17 23:39:58;66;Retiro;1681
684;2022-11-01 22:34:36;289;Transferencia;1605
685;2022-06-30 00:19:43;102;Retiro;692
686;2022-02-27 08:16:38;191;Transferencia;4332
687;2022-10-07 14:42:16;145;Transferencia;4327
688;2022-08-26 17:41:06;106;Transferencia;3490
689;2022-11-30 16:18:59;208;Transferencia;3867
690;2022-07-13 03:51:21;166;Retiro;1926
691;2022-03-16 18:05:39;125;Transferencia;3555
692;2022-12-23 11:06:26;277;Deposito;4170
693;2022-11-23 09:04:21;171;Deposito;3611
694;2022-12-02 15:24:51;291;Transferencia;810
695;2022-11-29 19:22:21;260;Deposito;4666
696;2022-08-23 21:44:09;58;Deposito;2509
697;2022-06-29 10:46:08;61;Deposito;1117
698;2022-06-13 10:37:54;73;Transferencia;4307
699;2022-10-15 23:12:54;153;Retiro;1428
700;2022-11-12 06:31:25;73;Retiro;2018
701;2022-04-02 19:00:12;196;Retiro;978
702;2022-04-27 20:04:00;298;Transferencia;4448
703;2022-12-29 03:29:39;222;Deposito;377
704;2022-01-07 07:17:45;108;Transferencia;3137
705;2022-05-16 21:38:13;152;Deposito;2474
706;2022-11-11 08:04:26;257;Retiro;776
707;2022-06-08 17:29:34;198;Deposito;2921
708;2022-07-14 00:01:04;120;Deposito;4181
709;2022-08-16 20:22:23;83;Transferencia;3923
710;2022-08-04 04:02:37;125;Retiro;172
711;2022-09-20 07:39:55;161;Transferencia;1769
712;2022-06-19 03:01:35;5;Retiro;4828
713;2022-06-05 18:24:48;53;Transferencia;3004
714;2022-12-20 01:04:55;152;Retiro;4080
715;2022-01-04 07:20:05;195;Retiro;879
716;2022-05-25 16:00:11;57;Transferencia;3089
717;2022-11-28 19:58:57;254;Deposito;3335
718;2022-12-27 16:54:12;147;Deposito;3866
719;2022-06-20 03:11:23;261;Deposito;2053
720;2022-03-15 04:38:24;287;Retiro;379
721;2022-05-03 20:18:28;70;Transferencia;791
722;2022-01-01 15:54:50;153;Deposito;3042
723;2022-04-22 03:46:37;128;Deposito;1034
724;2022-05-11 23:04:28;16;Deposito;2535
725;2022-09-02 00:21:08;56;Retiro;1494
726;2022-08-12 22:50:47;217;Deposito;4723
727;2022-04-23 09:07:01;227;Deposito;399
728;2022-04-30 18:32:14;254;Transferencia;2205
729;2022-06-19 00:39:00;157;Transferencia;2295
730;2022-02-24 15:43:03;107;Deposito;1484
731;2022-10-22 22:01:21;209;Deposito;4848
732;2022-05-28 20:30:38;45;Deposito;1105
733;2022-04-26 05:14:49;52;Deposito;378
734;2022-06-16 20:49:11;34;Deposito;3705
735;2022-12-02 23:33:38;275;Deposito;2720
736;2022-08-01 19:32:02;245;Deposito;3035
737;2022-08-11 23:52:52;200;Retiro;3820
738;2022-10-23 06:21:39;124;Deposito;419
739;2022-12-24 21:37:25;258;Deposito;1659
740;2022-01-05 08:16:50;267;Deposito;279
741;2022-10-31 20:55:29;103;Transferencia;133
742;2022-08-20 17:16:15;212;Deposito;2501
743;2022-07-16 06:30:23;243;Transferencia;2792
744;2022-05-06 01:16:43;212;Deposito;2019
745;2022-04-26 02:23:14;138;Deposito;3805
746;2022-10-11 03:17:03;134;Transferencia;4237
747;2022-10-08 04:05:48;165;Deposito;3503
748;2022-04-04 12:05:54;150;Deposito;480
749;2022-12-16 21:47:53;38;Transferencia;298
750;2022-04-03 09:38:58;299;Deposito;3573
751;2022-10-15 07:05:37;283;Retiro;3813
752;2022-11-21 10:56:58;200;Transferencia;1715
753;2022-07-29 04:41:20;184;Transferencia;2897
754;2022-03-15 13:12:48;111;Transferencia;4503
755;2022-02-05 13:26:46;67;Deposito;1229
756;2022-10-16 19:50:39;189;Transferencia;3668
757;2022-12-30 11:49:39;2;Deposito;2794
758;2022-10-13 06:02:38;100;Retiro;2169
759;2022-06-08 16:34:48;95;Transferencia;4075
760;2022-02-22 11:34:09;122;Retiro;3566
761;2022-09-14 04:13:59;49;Deposito;1929
762;2022-06-21 03:29:09;133;Retiro;188
763;2022-04-10 20:17:49;32;Deposito;362
764;2022-11-16 07:17:02;242;Retiro;1159
765;2022-02-11 18:35:48;232;Retiro;2213
766;2022-12-09 02:13:25;112;Transferencia;4485
767;2022-04-01 19:23:59;245;Retiro;115
768;2022-05-18 03:28:07;3;Retiro;1219
769;2022-10-11 06:15:13;77;Transferencia;3404
770;2022-04-12 02:36:17;289;Deposito;1352
771;2022-09-04 14:55:04;41;Retiro;2278
772;2022-12-03 05:48:37;256;Transferencia;3690
773;2022-02-23 11:17:06;77;Retiro;1136
774;2022-08-13 23:45:01;74;Transferencia;4571
775;2022-04-24 12:15:39;229;Retiro;1992
776;2022-04-29 03:31:58;240;Transferencia;212
777;2022-04-01 07:55:13;100;Deposito;2232
778;2022-07-21 07:46:42;240;Transferencia;2356
779;2022-01-18 20:01:13;171;Retiro;380
780;2022-06-07 01:11:28;145;Deposito;4193
781;2022-03-26 11:44:20;280;Transferencia;4431
782;2022-03-20 06:46:05;202;Transferencia;168
783;2022-08-09 23:23:45;151;Transferencia;1689
784;2022-10-18 10:54:13;219;Transferencia;668
785;2022-07-16 11:34:18;183;Deposito;2761
786;2022-10-08 17:44:27;35;Retiro;1542
787;2022-05-31 12:51:15;45;Deposito;1569
788;2022-04-12 02:22:53;136;Retiro;4075
789;2022-10-20 01:16:51;22;Transferencia;4909
790;2022-04-19 11:26:38;36;Deposito;3350
791;2022-09-30 19:24:33;20;Transferencia;1275
792;2022-10-23 12:11:15;196;Retiro;1101
793;2022-08-17 22:59:05;58;Retiro;3448
794;2022-06-22 01:48:58;31;Retiro;4825
795;2022-01-28 00:57:32;300;Retiro;4213
796;2022-07-10 19:25:28;82;Deposito;3064
797;2022-08-06 16:25:28;80;Deposito;3889
798;2022-10-15 05:24:06;89;Deposito;3479
799;2022-09-09 00:49:52;108;Transferencia;1449
800;2022-05-29 00:44:38;88;Transferencia;2315
801;2022-05-12 08:45:29;43;Deposito;4399
802;2022-10-07 09:19:55;245;Transferencia;551
803;2022-09-02 19:47:48;37;Retiro;2311
804;2022-03-26 21:07:01;155;Retiro;613
805;2022-02-24 17:38:04;201;Deposito;1760
806;2022-05-24 01:38:27;26;Transferencia;1531
807;2022-03-24 18:04:06;234;Retiro;1970
808;2022-05-15 04:52:18;75;Transferencia;4966
809;2022-09-16 21:54:01;282;Deposito;4192
810;2022-04-04 01:36:21;223;Deposito;4189
811;2022-01-18 11:23:24;22;Deposito;884
812;2022-04-25 18:51:49;20;Deposito;4977
813;2022-11-22 15:46:28;290;Transferencia;3831
814;2022-03-27 01:16:58;40;Retiro;4038
815;2022-03-01 23:47:59;126;Retiro;3443
816;2022-01-01 12:30:13;297;Transferencia;1377
817;2022-01-11 19:33:35;278;Transferencia;4461
818;2022-10-25 23:06:03;247;Deposito;4936
819;2022-03-31 19:45:50;291;Transferencia;2277
820;2022-05-02 00:32:46;80;Retiro;2164
821;2022-11-10 12:38:00;51;Retiro;3633
822;2022-01-21 10:35:41;38;Deposito;2257
823;2022-03-08 11:31:32;177;Retiro;1596
824;2022-11-07 01:44:53;69;Retiro;1184
825;2022-07-19 05:00:06;205;Retiro;638
826;2022-11-22 21:09:04;229;Deposito;2986
827;2022-10-17 16:37:28;183;Deposito;2819
828;2022-05-20 00:11:16;55;Transferencia;4873
829;2022-07-30 12:23:31;286;Deposito;1791
830;2022-11-30 06:31:28;279;Retiro;1519
831;2022-11-30 15:49:23;210;Transferencia;665
832;2022-05-26 14:50:29;232;Transferencia;2930
833;2022-08-08 03:36:31;75;Retiro;4531
834;2022-07-07 21:26:03;190;Retiro;274
835;2022-10-03 10:18:18;41;Deposito;953
836;2022-05-31 16:35:55;107;Deposito;4494
837;2022-10-23 12:02:55;99;Transferencia;4366
838;2022-10-31 03:41:27;16;Deposito;2546
839;2022-07-07 05:09:26;154;Retiro;3783
840;2022-01-31 13:47:52;12;Transferencia;3655
841;2022-09-20 13:28:44;16;Deposito;686
842;2022-03-24 13:52:13;140;Deposito;4706
843;2022-02-01 10:31:54;149;Deposito;1071
844;2022-08-15 15:39:17;231;Transferencia;1543
845;2022-09-08 11:58:47;152;Deposito;2113
846;2022-07-26 13:47:02;3;Retiro;3206
847;2022-01-01 15:46:35;42;Retiro;3667
848;2022-12-28 18:12:25;218;Retiro;4834
849;2022-05-30 01:56:58;107;Retiro;1191
850;2022-10-23 20:43:47;21;Retiro;137
851;2022-07-14 17:54:10;122;Deposito;4939
852;2022-01-14 08:07:43;188;Transferencia;1218
853;2022-12-27 19:51:08;106;Deposito;1339
854;2022-12-23 12:29:38;269;Retiro;4506
855;2022-11-19 10:35:02;74;Transferencia;1941
856;2022-07-08 15:07:17;71;Deposito;3805
857;2022-05-27 23:01:12;266;Deposito;4618
858;2022-05-25 06:43:57;147;Deposito;4010
859;2022-05-25 03:18:02;88;Retiro;2360
860;2022-07-06 13:16:31;67;Retiro;4071
861;2022-10-19 18:35:20;242;Retiro;2227
862;2022-12-29 14:05:01;69;Retiro;4269
863;2022-07-04 03:44:14;231;Deposito;3982
864;2022-02-06 19:15:24;213;Retiro;1245
865;2022-08-20 00:39:54;194;Transferencia;2490
866;2022-09-21 08:05:00;252;Deposito;4844
867;2022-06-07 08:00:39;211;Deposito;2347
868;2022-03-28 12:16:58;188;Transferencia;510
869;2022-01-15 13:15:22;212;Deposito;3311
870;2022-07-01 07:59:04;113;Retiro;3181
871;2022-02-10 14:24:13;55;Retiro;578
872;2022-05-12 10:31:43;153;Transferencia;375
873;2022-09-29 16:33:47;240;Transferencia;2337
874;2022-04-07 21:51:06;214;Deposito;4591
875;2022-12-03 07:03:14;140;Transferencia;181
876;2022-07-06 04:20:42;245;Retiro;504
877;2022-05-13 22:40:32;67;Transferencia;1292
878;2022-11-16 01:22:47;210;Retiro;453
879;2022-01-14 00:39:08;67;Transferencia;3382
880;2022-08-08 08:44:03;147;Transferencia;2077
881;2022-02-04 14:35:15;43;Deposito;2024
882;2022-08-24 02:06:56;59;Transferencia;2585
883;2022-03-04 09:06:07;292;Retiro;1143
884;2022-01-22 23:31:36;265;Transferencia;2627
885;2022-03-01 03:36:03;149;Deposito;4400
886;2022-08-27 03:34:34;268;Transferencia;43
887;2022-10-17 14:47:29;207;Retiro;931
888;2022-02-04 04:55:40;273;Deposito;3054
889;2022-10-19 06:22:18;63;Retiro;4351
890;2022-03-23 20:23:53;20;Transferencia;3104
891;2022-02-10 16:16:11;13;Retiro;1299
892;2022-07-08 09:10:02;252;Retiro;1475
893;2022-04-02 05:29:51;26;Retiro;2999
894;2022-07-01 23:14:47;287;Retiro;1769
895;2022-11-23 12:41:04;82;Retiro;1532
896;2022-11-29 15:15:45;118;Deposito;4743
897;2022-12-17 05:53:19;112;Transferencia;2502
898;2022-06-20 17:08:55;230;Deposito;3459
899;2022-08-05 11:19:40;200;Deposito;4973
900;2022-12-25 22:10:04;268;Retiro;1919
901;2022-10-20 03:14:43;115;Transferencia;1834
902;2022-05-20 13:13:51;275;Deposito;3703
903;2022-02-06 22:01:53;295;Transferencia;2322
904;2022-10-01 00:35:21;234;Deposito;688
905;2022-09-13 08:29:36;214;Deposito;2640
906;2022-10-01 04:49:39;30;Retiro;4804
907;2022-11-12 03:21:41;83;Deposito;1940
908;2022-02-08 09:02:19;15;Deposito;3696
909;2022-09-30 09:51:13;184;Deposito;814
910;2022-11-25 21:57:24;200;Transferencia;2352
911;2022-02-04 01:10:37;135;Retiro;361
912;2022-05-13 09:42:57;133;Deposito;3162
913;2022-10-14 22:54:58;145;Retiro;4706
914;2022-12-11 00:40:33;220;Transferencia;741
915;2022-08-21 13:38:56;70;Transferencia;3586
916;2022-10-08 19:33:20;223;Transferencia;117
917;2022-03-03 10:13:24;236;Deposito;1655
918;2022-10-11 10:19:13;35;Transferencia;1544
919;2022-11-12 23:46:14;95;Deposito;2968
920;2022-10-02 15:58:31;235;Deposito;332
921;2022-04-21 12:51:19;217;Deposito;4759
922;2022-04-15 15:59:10;120;Retiro;1166
923;2022-06-01 09:47:15;44;Transferencia;3622
924;2022-10-17 22:04:41;107;Deposito;3469
925;2022-03-30 19:32:57;238;Deposito;4600
926;2022-06-03 02:42:29;212;Retiro;2289
927;2022-08-26 20:30:39;56;Deposito;1825
928;2022-01-15 11:54:57;240;Retiro;4990
929;2022-04-10 17:43:24;194;Transferencia;4357
930;2022-12-16 05:03:02;254;Retiro;303
931;2022-04-02 06:08:58;12;Retiro;2569
932;2022-06-10 07:54:10;272;Transferencia;1347
933;2022-03-29 00:01:02;61;Deposito;2781
934;2022-01-27 11:01:15;38;Transferencia;4402
935;2022-02-08 22:42:13;252;Transferencia;25
936;2022-12-24 23:32:21;38;Retiro;2297
937;2022-12-24 12:08:32;72;Deposito;4886
938;2022-03-01 11:31:59;72;Deposito;3311
939;2022-12-04 09:30:32;273;Retiro;2223
940;2022-12-24 13:46:34;57;Retiro;2629
941;2022-02-07 11:26:13;173;Retiro;3483
942;2022-09-15 07:43:50;142;Deposito;72
943;2022-04-19 10:55:07;25;Retiro;3964
944;2022-09-17 03:28:01;249;Transferencia;4853
945;2022-12-30 18:28:16;119;Deposito;3466
946;2022-03-22 19:18:34;70;Transferencia;2989
947;2022-10-07 02:28:38;231;Deposito;322
948;2022-01-31 09:44:49;177;Deposito;2601
949;2022-03-04 19:53:33;291;Transferencia;2424
950;2022-06-24 02:33:41;69;Retiro;1338
951;2022-02-21 01:37:21;273;Transferencia;3445
952;2022-09-09 12:58:21;172;Transferencia;4278
953;2022-06-10 08:28:40;153;Transferencia;2684
954;2022-06-04 04:19:04;280;Transferencia;159
955;2022-04-20 01:28:00;178;Retiro;4649
956;2022-06-03 12:12:12;1;Retiro;1462
957;2022-07-09 23:54:16;209;Retiro;3196
958;2022-11-09 12:55:31;76;Transferencia;825
959;2022-12-22 14:35:49;74;Retiro;4706
960;2022-03-26 05:41:36;282;Retiro;1032
961;2022-03-07 01:08:45;28;Retiro;4591
962;2022-04-29 13:03:59;47;Retiro;4269
963;2022-10-15 08:19:11;283;Deposito;4768
964;2022-07-22 23:33:26;121;Deposito;3894
965;2022-06-23 04:12:19;1;Transferencia;1260
966;2022-03-19 22:25:14;45;Deposito;4833
967;2022-12-02 23:06:53;101;Deposito;4759
968;2022-07-01 09:42:47;243;Transferencia;2127
969;2022-06-11 20:38:25;194;Retiro;4629
970;2022-05-06 13:23:59;195;Retiro;2331
971;2022-01-13 21:04:12;266;Retiro;837
972;2022-12-20 15:04:15;215;Retiro;1345
973;2022-10-07 17:06:58;216;Transferencia;4541
974;2022-10-16 23:07:00;65;Deposito;2229
975;2022-09-03 06:08:55;270;Transferencia;3647
976;2022-02-03 20:18:52;297;Transferencia;4385
977;2022-08-18 06:48:04;86;Deposito;1966
978;2022-06-17 01:21:25;160;Deposito;2670
979;2022-05-13 04:20:20;218;Retiro;321
980;2022-04-22 03:03:11;14;Transferencia;2190
981;2022-12-28 06:02:27;39;Transferencia;2680
982;2022-07-11 00:15:21;285;Retiro;2221
983;2022-01-02 11:27:16;36;Transferencia;2053
984;2022-08-16 03:37:18;20;Deposito;117
985;2022-01-19 12:54:42;49;Retiro;3073
986;2022-03-23 16:16:54;70;Retiro;523
987;2022-11-13 13:06:06;2;Deposito;1150
988;2022-07-16 04:39:04;8;Retiro;781
989;2022-10-11 22:06:49;213;Transferencia;3720
990;2022-01-08 09:53:57;288;Transferencia;1712
991;2022-03-07 08:05:13;161;Transferencia;2380
992;2022-05-14 15:52:54;247;Deposito;3325
993;2022-10-05 17:50:04;85;Retiro;4544
994;2022-11-07 03:02:12;56;Deposito;2490
995;2022-04-25 03:52:11;169;Deposito;2679
996;2022-10-18 04:49:53;142;Transferencia;484
997;2022-12-13 10:28:05;37;Retiro;1459
998;2022-09-10 14:56:57;68;Retiro;887
999;2022-12-24 00:02:47;63;Deposito;3798
1000;2022-01-28 23:23:12;117;Retiro;4143